{"cameraMode":{"drawMode":0,"name":"Shaded","section":"Shading Mode"},"sceneLighting":true,"audioPlay":false,"sceneViewState":{"showFog":true,"showMaterialUpdate":false,"showSkybox":true,"showFlares":true,"showImageEffects":true,"showParticleSystems":true},"in2DMode":false,"pivot":{"x":0.655509352684021,"y":0.013508200645446778,"z":0.14999055862426759},"rotation":{"x":0.15879075229167939,"y":-0.11141049861907959,"z":0.018036531284451486,"w":0.9808409214019775},"size":1.8028440475463868,"orthographic":false}