{"cameraMode":{"drawMode":0,"name":"Shaded","section":"Shading Mode"},"sceneLighting":false,"audioPlay":false,"sceneViewState":{"showFog":true,"showMaterialUpdate":false,"showSkybox":false,"showFlares":true,"showImageEffects":true,"showParticleSystems":true},"in2DMode":false,"pivot":{"x":-0.09000000357627869,"y":1.2599999904632569,"z":0.5400000214576721},"rotation":{"x":-0.03701956197619438,"y":0.7468718886375427,"z":-0.041725680232048038,"w":-0.6626254320144653},"size":0.25980764627456667,"orthographic":false}